"category_name","total_books","total_potential_value","lost_revenue_value","pct_revenue_leakage"
"Parenting","1","37.35","37.35","100.00"
"Erotica","1","19.19","19.19","100.00"
"Contemporary","3","108.60","52.79","48.61"
"Art","8","308.16","76.52","24.83"
"Science","14","463.24","113.26","24.45"
"Christian Fiction","6","206.31","49.97","24.22"
"Health","4","205.81","49.71","24.15"
"Romance","20","620.76","148.11","23.86"
"Classics","19","694.36","164.25","23.65"
"Nonfiction","20","653.80","149.91","22.93"
"Mystery","20","655.88","149.32","22.77"
"Business","12","389.52","88.02","22.60"
"Spirituality","6","210.59","46.33","22.00"
"Sports and Games","5","205.83","44.91","21.82"
"Science Fiction","16","540.84","112.27","20.76"
"Add a comment","20","692.86","143.47","20.71"
"Christian","3","127.49","25.77","20.21"
"Womens Fiction","17","625.45","125.93","20.13"
"Food and Drink","20","627.98","120.57","19.20"
"Childrens","20","728.05","134.57","18.48"
"Horror","17","611.14","112.90","18.47"
"Autobiography","9","333.48","58.81","17.64"
"Poetry","19","683.51","112.88","16.51"
"New Adult","6","278.30","45.07","16.19"
"Default","20","700.48","107.96","15.41"
"Young Adult","20","707.82","107.76","15.22"
"Music","13","463.28","62.77","13.55"
"History","18","671.31","90.23","13.44"
"Humor","10","335.01","43.68","13.04"
"Fantasy","20","793.08","95.13","12.00"
"Historical Fiction","20","707.58","82.53","11.66"
"Travel","11","437.74","44.34","10.13"
"Fiction","20","753.93","75.79","10.05"
"Religion","7","227.97","21.87","9.59"
"Thriller","11","345.77","31.16","9.01"
"Sequential Art","20","658.39","58.82","8.93"
"Psychology","7","239.53","21.14","8.83"
"Philosophy","11","369.14","29.93","8.11"
"Self Help","5","203.10","12.08","5.95"
